<?xml version="1.0" encoding="UTF-8"?>
<dgm:gDiagram xmlns:dgm="http://xmlns.oracle.com/sca/soadgm">
    <dgm:gService name="SOAPServicePrestacaoServico">
        <dgm:body borderWidth="2" arcRad="20" X="21" Y="41" width="137" height="84">
            <dgm:borderColor r="153" g="153" b="153"/>
            <dgm:bgColor r="255" g="255" b="255"/>
        </dgm:body>
        <dgm:shadow arcRad="20" X="11" Y="34" width="156" height="98">
            <dgm:bgColor r="196" g="228" b="240"/>
        </dgm:shadow>
        <dgm:outputPort name="SOAPServicePrestacaoServico" X="127" Y="0" diameter="20" imageURI="oracle/tip/tools/ide/fabric/resource/image/visuals_rd1/servicereference.png" interface="http://oracle.com/sca/soapservice/AppSistemaAtendimento/PrjPrestacaoServico/SOAPServicePrestacaoServico#wsdl.interface(execute_ptt)"/>
        <dgm:nodeIcon URI="/oracle/tip/tools/ide/adapters/designtime/adapter/images/soap_service_20x20.png" X="20" Y="4" width="20" height="20"/>
        <dgm:operations>
            <dgm:item>execute</dgm:item>
        </dgm:operations>
    </dgm:gService>
    <dgm:gReference name="criarArquivo">
        <dgm:body borderWidth="2" arcRad="20" X="626" Y="41" width="136" height="84">
            <dgm:borderColor r="153" g="153" b="153"/>
            <dgm:bgColor r="255" g="255" b="255"/>
        </dgm:body>
        <dgm:shadow arcRad="20" X="616" Y="34" width="156" height="98">
            <dgm:bgColor r="196" g="228" b="240"/>
        </dgm:shadow>
        <dgm:inputPort name="criarArquivo" X="-10" Y="0" diameter="20" imageURI="oracle/tip/tools/ide/fabric/resource/image/visuals_rd1/servicereference.png" interface="http://xmlns.oracle.com/pcbpel/adapter/file/AppSistemaAtendimento/PrjPrestacaoServico/criarArquivo#wsdl.interface(Write_ptt)"/>
        <dgm:nodeIcon URI="/oracle/tip/tools/ide/adapters/designtime/adapter/images/file_adapter_20x20.png" X="27" Y="4" width="20" height="20"/>
        <dgm:operations>
            <dgm:item>Write</dgm:item>
        </dgm:operations>
    </dgm:gReference>
    <dgm:gComponent name="Mediator1">
        <dgm:body borderWidth="2" arcRad="20" X="327" Y="26" width="130" height="61">
            <dgm:borderColor r="128" g="92" b="148"/>
            <dgm:lightBgColor r="208" g="169" b="227"/>
            <dgm:darkBgColor r="183" g="132" b="212"/>
        </dgm:body>
        <dgm:shadow arcRad="20" X="317" Y="19" width="150" height="77">
            <dgm:bgColor r="196" g="228" b="240"/>
        </dgm:shadow>
        <dgm:inputPort name="Mediator1" X="-10" Y="15" diameter="20" imageURI="oracle/tip/tools/ide/fabric/resource/image/visuals_rd1/servicereference.png" interface="http://oracle.com/sca/soapservice/AppSistemaAtendimento/PrjPrestacaoServico/SOAPServicePrestacaoServico#wsdl.interface(execute_ptt)"/>
        <dgm:outputPort name="criarArquivo" X="120" Y="15" diameter="20" imageURI="oracle/tip/tools/ide/fabric/resource/image/visuals_rd1/servicereference.png" interface="http://xmlns.oracle.com/pcbpel/adapter/file/AppSistemaAtendimento/PrjPrestacaoServico/criarArquivo#wsdl.interface(Write_ptt)"/>
        <dgm:nodeIcon URI="/oracle/tip/tools/ide/mediator/resource/image/mediator_20x20.png" X="10" Y="4" width="20" height="20"/>
    </dgm:gComponent>
    <dgm:gWireLink source="SOAPServicePrestacaoServico" target="Mediator1/Mediator1" width="2">
        <dgm:gSegment X1="168" Y1="51" X2="317" Y2="51"/>
        <dgm:baseColor r="153" g="153" b="153"/>
        <dgm:selectedColor r="49" g="106" b="196"/>
    </dgm:gWireLink>
    <dgm:gWireLink source="Mediator1/criarArquivo" target="criarArquivo" width="2">
        <dgm:gSegment X1="467" Y1="51" X2="616" Y2="51"/>
        <dgm:baseColor r="153" g="153" b="153"/>
        <dgm:selectedColor r="49" g="106" b="196"/>
    </dgm:gWireLink>
</dgm:gDiagram>